production_order_id,production_date,product_id,machine_id,supplier_id,quantity_planned,quantity_produced,shift,status
PO0001,2026-03-15,PROD031,MCH003,SUP010,747,692,evening,completed
PO0002,2026-01-31,PROD074,MCH007,SUP006,729,654,night,completed
PO0003,2026-01-09,PROD068,MCH009,SUP017,636,562,night,completed
PO0004,2026-03-02,PROD006,MCH007,SUP012,499,490,evening,completed
PO0005,2026-01-09,PROD045,MCH004,SUP004,465,445,night,completed
PO0006,2026-02-15,PROD070,MCH006,SUP006,236,121,night,delayed
PO0007,2026-03-22,PROD024,MCH003,SUP003,812,753,night,delayed
PO0008,2026-01-26,PROD006,MCH004,SUP002,137,54,evening,completed
PO0009,2026-03-11,PROD061,MCH005,SUP002,627,557,night,completed
PO0010,2026-01-07,PROD084,MCH006,SUP009,392,317,morning,completed
PO0011,2026-02-21,PROD096,MCH008,SUP013,547,540,evening,completed
PO0012,2026-03-05,PROD048,MCH009,SUP009,608,576,morning,delayed
PO0013,2026-03-19,PROD024,MCH009,SUP010,180,115,evening,completed
PO0014,2026-03-26,PROD038,MCH005,SUP015,181,102,night,delayed
PO0015,2026-02-26,PROD045,MCH008,SUP002,270,238,night,completed
PO0016,2026-02-05,PROD082,MCH001,SUP003,729,664,night,delayed
PO0017,2026-03-28,PROD021,MCH001,SUP005,472,417,night,delayed
PO0018,2026-01-09,PROD031,MCH006,SUP012,135,31,evening,completed
PO0019,2026-03-28,PROD058,MCH006,SUP012,719,618,evening,completed
PO0020,2026-03-09,PROD047,MCH007,SUP011,687,584,night,completed
PO0021,2026-01-04,PROD095,MCH003,SUP016,355,249,night,delayed
PO0022,2026-02-03,PROD100,MCH005,SUP015,675,570,morning,completed
PO0023,2026-03-04,PROD026,MCH002,SUP005,810,807,morning,delayed
PO0024,2026-02-26,PROD012,MCH006,SUP012,276,271,night,completed
PO0025,2026-02-07,PROD039,MCH003,SUP006,663,612,evening,completed
PO0026,2026-01-18,PROD031,MCH008,SUP001,224,129,evening,completed
PO0027,2026-03-12,PROD017,MCH010,SUP003,578,560,morning,completed
PO0028,2026-03-03,PROD068,MCH007,SUP014,507,478,night,completed
PO0029,2026-03-24,PROD010,MCH008,SUP015,228,148,night,completed
PO0030,2026-03-12,PROD082,MCH010,SUP006,231,223,morning,delayed
PO0031,2026-01-08,PROD016,MCH009,SUP005,614,610,evening,completed
PO0032,2026-04-01,PROD029,MCH006,SUP017,265,186,evening,completed
PO0033,2026-03-23,PROD071,MCH005,SUP005,356,261,night,completed
PO0034,2026-01-12,PROD065,MCH003,SUP019,729,677,night,completed
PO0035,2026-03-21,PROD093,MCH010,SUP011,275,239,night,completed
PO0036,2026-01-04,PROD011,MCH001,SUP019,945,935,evening,completed
PO0037,2026-02-23,PROD080,MCH001,SUP016,885,838,night,completed
PO0038,2026-03-03,PROD032,MCH007,SUP010,757,675,evening,completed
PO0039,2026-01-21,PROD057,MCH007,SUP016,805,692,evening,completed
PO0040,2026-01-19,PROD041,MCH006,SUP012,448,405,evening,completed
PO0041,2026-03-07,PROD072,MCH002,SUP011,878,805,morning,delayed
PO0042,2026-02-27,PROD032,MCH003,SUP004,225,139,morning,completed
PO0043,2026-03-20,PROD054,MCH004,SUP006,493,483,evening,completed
PO0044,2026-01-21,PROD064,MCH009,SUP015,294,271,evening,completed
PO0045,2026-01-12,PROD051,MCH009,SUP015,609,491,morning,completed
PO0046,2026-01-07,PROD007,MCH005,SUP016,697,622,night,delayed
PO0047,2026-01-02,PROD014,MCH007,SUP005,392,340,evening,completed
PO0048,2026-02-16,PROD006,MCH007,SUP002,882,813,night,completed
PO0049,2026-02-06,PROD010,MCH007,SUP017,471,421,evening,completed
PO0050,2026-03-29,PROD079,MCH002,SUP005,945,904,morning,delayed
PO0051,2026-02-13,PROD072,MCH006,SUP005,482,463,morning,delayed
PO0052,2026-01-06,PROD005,MCH003,SUP011,612,497,evening,delayed
PO0053,2026-03-07,PROD018,MCH006,SUP020,252,209,evening,completed
PO0054,2026-02-08,PROD076,MCH006,SUP017,502,460,night,delayed
PO0055,2026-02-08,PROD061,MCH001,SUP012,825,777,evening,completed
PO0056,2026-02-09,PROD093,MCH001,SUP020,526,480,evening,completed
PO0057,2026-03-16,PROD074,MCH004,SUP002,771,751,night,delayed
PO0058,2026-03-22,PROD093,MCH010,SUP013,274,221,morning,completed
PO0059,2026-03-31,PROD015,MCH004,SUP001,132,85,evening,completed
PO0060,2026-02-22,PROD089,MCH004,SUP014,528,427,night,delayed
PO0061,2026-01-08,PROD091,MCH003,SUP017,993,981,morning,completed
PO0062,2026-03-09,PROD049,MCH006,SUP006,778,719,evening,completed
PO0063,2026-03-28,PROD099,MCH005,SUP020,659,584,evening,completed
PO0064,2026-03-13,PROD039,MCH004,SUP010,352,267,evening,completed
PO0065,2026-03-04,PROD041,MCH008,SUP012,806,776,night,completed
PO0066,2026-03-15,PROD087,MCH009,SUP013,394,289,evening,completed
PO0067,2026-01-19,PROD038,MCH001,SUP010,891,873,night,completed
PO0068,2026-02-26,PROD084,MCH005,SUP016,454,452,morning,completed
PO0069,2026-02-04,PROD072,MCH005,SUP005,947,895,morning,completed
PO0070,2026-03-27,PROD068,MCH004,SUP008,348,234,morning,completed
PO0071,2026-03-02,PROD013,MCH003,SUP001,523,445,night,completed
PO0072,2026-03-02,PROD062,MCH004,SUP010,516,479,evening,completed
PO0073,2026-01-12,PROD084,MCH010,SUP008,761,648,night,completed
PO0074,2026-01-23,PROD005,MCH007,SUP016,279,212,morning,completed
PO0075,2026-01-02,PROD039,MCH010,SUP020,997,881,morning,completed
PO0076,2026-03-24,PROD070,MCH009,SUP016,391,329,morning,delayed
PO0077,2026-01-15,PROD043,MCH003,SUP015,379,283,night,completed
PO0078,2026-01-02,PROD095,MCH006,SUP010,835,738,night,completed
PO0079,2026-03-23,PROD052,MCH007,SUP017,279,237,evening,completed
PO0080,2026-01-13,PROD024,MCH003,SUP016,510,475,evening,completed
PO0081,2026-02-19,PROD031,MCH008,SUP009,106,33,evening,completed
PO0082,2026-03-15,PROD002,MCH005,SUP012,696,668,night,completed
PO0083,2026-01-16,PROD060,MCH005,SUP006,163,128,evening,completed
PO0084,2026-03-23,PROD038,MCH006,SUP020,806,701,morning,completed
PO0085,2026-01-20,PROD059,MCH010,SUP012,236,177,evening,delayed
PO0086,2026-03-27,PROD028,MCH004,SUP020,875,823,morning,delayed
PO0087,2026-02-16,PROD010,MCH010,SUP004,640,610,morning,completed
PO0088,2026-01-20,PROD022,MCH006,SUP017,686,634,evening,completed
PO0089,2026-03-16,PROD063,MCH002,SUP017,796,702,evening,completed
PO0090,2026-03-07,PROD054,MCH008,SUP019,564,460,morning,delayed
PO0091,2026-02-09,PROD093,MCH001,SUP013,788,771,evening,completed
PO0092,2026-03-16,PROD010,MCH001,SUP014,863,770,evening,completed
PO0093,2026-01-09,PROD061,MCH001,SUP010,654,541,evening,completed
PO0094,2026-03-24,PROD094,MCH007,SUP012,887,784,evening,delayed
PO0095,2026-02-18,PROD049,MCH002,SUP018,990,987,morning,completed
PO0096,2026-03-10,PROD051,MCH009,SUP005,221,123,night,completed
PO0097,2026-01-03,PROD039,MCH008,SUP018,954,834,evening,delayed
PO0098,2026-02-01,PROD059,MCH006,SUP005,943,852,evening,completed
PO0099,2026-01-15,PROD005,MCH007,SUP020,996,968,morning,completed
PO0100,2026-01-13,PROD077,MCH001,SUP015,311,199,night,completed
PO0101,2026-01-06,PROD052,MCH008,SUP008,350,324,night,completed
PO0102,2026-01-08,PROD018,MCH009,SUP010,872,862,morning,completed
PO0103,2026-03-28,PROD042,MCH004,SUP010,691,647,morning,completed
PO0104,2026-02-05,PROD008,MCH009,SUP019,523,441,night,completed
PO0105,2026-02-24,PROD072,MCH008,SUP002,741,707,evening,delayed
PO0106,2026-02-10,PROD090,MCH007,SUP014,904,851,morning,completed
PO0107,2026-03-10,PROD061,MCH004,SUP008,485,388,evening,completed
PO0108,2026-01-08,PROD072,MCH007,SUP014,925,864,night,completed
PO0109,2026-02-02,PROD027,MCH006,SUP003,497,408,evening,completed
PO0110,2026-01-25,PROD007,MCH005,SUP013,194,142,night,completed
PO0111,2026-01-25,PROD098,MCH010,SUP018,994,883,morning,delayed
PO0112,2026-02-12,PROD039,MCH001,SUP007,313,304,morning,completed
PO0113,2026-03-03,PROD032,MCH010,SUP007,864,840,evening,completed
PO0114,2026-02-06,PROD049,MCH008,SUP018,665,586,night,completed
PO0115,2026-02-16,PROD066,MCH008,SUP015,415,328,morning,delayed
PO0116,2026-02-10,PROD027,MCH006,SUP011,879,866,evening,completed
PO0117,2026-01-29,PROD095,MCH003,SUP001,676,666,evening,delayed
PO0118,2026-01-26,PROD043,MCH004,SUP013,402,301,night,completed
PO0119,2026-03-25,PROD088,MCH006,SUP009,611,561,evening,delayed
PO0120,2026-02-15,PROD022,MCH003,SUP018,571,472,evening,completed
PO0121,2026-01-08,PROD068,MCH001,SUP003,655,617,night,completed
PO0122,2026-02-22,PROD018,MCH004,SUP003,882,762,night,completed
PO0123,2026-03-06,PROD059,MCH006,SUP002,109,27,night,delayed
PO0124,2026-01-03,PROD001,MCH009,SUP018,775,717,evening,completed
PO0125,2026-02-05,PROD069,MCH005,SUP001,117,67,night,delayed
PO0126,2026-01-23,PROD014,MCH002,SUP017,925,925,morning,completed
PO0127,2026-03-09,PROD033,MCH006,SUP009,296,255,evening,completed
PO0128,2026-02-28,PROD073,MCH004,SUP008,482,413,evening,completed
PO0129,2026-03-25,PROD098,MCH001,SUP003,769,758,evening,delayed
PO0130,2026-03-02,PROD008,MCH001,SUP006,486,436,morning,delayed
PO0131,2026-03-24,PROD043,MCH010,SUP004,965,900,night,completed
PO0132,2026-03-30,PROD073,MCH008,SUP009,335,242,morning,completed
PO0133,2026-02-05,PROD070,MCH010,SUP002,800,798,morning,completed
PO0134,2026-03-17,PROD019,MCH007,SUP003,116,26,evening,completed
PO0135,2026-03-14,PROD050,MCH009,SUP011,677,587,evening,completed
PO0136,2026-01-11,PROD065,MCH006,SUP002,909,877,morning,delayed
PO0137,2026-01-10,PROD044,MCH010,SUP020,337,324,night,delayed
PO0138,2026-01-04,PROD082,MCH005,SUP015,892,813,evening,completed
PO0139,2026-02-18,PROD056,MCH003,SUP019,464,414,night,delayed
PO0140,2026-03-21,PROD038,MCH004,SUP003,187,165,morning,completed
PO0141,2026-03-23,PROD020,MCH007,SUP011,257,185,evening,completed
PO0142,2026-02-09,PROD057,MCH006,SUP009,193,73,morning,completed
PO0143,2026-02-25,PROD058,MCH009,SUP018,189,92,night,delayed
PO0144,2026-01-12,PROD046,MCH009,SUP003,205,88,night,completed
PO0145,2026-01-02,PROD038,MCH007,SUP013,984,913,morning,completed
PO0146,2026-01-22,PROD088,MCH007,SUP006,685,631,morning,completed
PO0147,2026-03-05,PROD019,MCH002,SUP006,408,322,evening,completed
PO0148,2026-03-03,PROD010,MCH006,SUP009,531,449,morning,delayed
PO0149,2026-01-26,PROD059,MCH002,SUP005,708,666,evening,completed
PO0150,2026-03-21,PROD049,MCH006,SUP015,505,427,evening,delayed
PO0151,2026-03-25,PROD077,MCH003,SUP010,935,920,evening,completed
PO0152,2026-01-23,PROD051,MCH006,SUP010,590,510,night,delayed
PO0153,2026-02-01,PROD042,MCH007,SUP009,689,669,evening,completed
PO0154,2026-03-14,PROD026,MCH010,SUP018,216,215,morning,completed
PO0155,2026-04-01,PROD027,MCH008,SUP010,844,783,night,completed
PO0156,2026-02-22,PROD087,MCH008,SUP005,938,926,night,completed
PO0157,2026-03-26,PROD020,MCH007,SUP013,347,259,morning,delayed
PO0158,2026-03-16,PROD052,MCH009,SUP017,712,653,night,delayed
PO0159,2026-02-16,PROD090,MCH009,SUP020,656,540,night,completed
PO0160,2026-02-01,PROD085,MCH006,SUP006,211,189,night,completed
PO0161,2026-03-28,PROD083,MCH007,SUP011,676,638,evening,completed
PO0162,2026-02-03,PROD029,MCH009,SUP017,110,12,night,completed
PO0163,2026-02-20,PROD060,MCH010,SUP017,556,483,morning,completed
PO0164,2026-01-14,PROD038,MCH007,SUP003,125,66,morning,completed
PO0165,2026-02-13,PROD059,MCH004,SUP017,456,375,evening,completed
PO0166,2026-02-26,PROD093,MCH008,SUP011,587,479,morning,completed
PO0167,2026-04-01,PROD015,MCH001,SUP011,145,128,night,completed
PO0168,2026-01-22,PROD095,MCH004,SUP017,793,775,morning,completed
PO0169,2026-02-24,PROD060,MCH004,SUP013,438,389,night,completed
PO0170,2026-03-26,PROD056,MCH007,SUP001,290,251,night,completed
PO0171,2026-02-24,PROD050,MCH001,SUP007,560,515,morning,completed
PO0172,2026-01-09,PROD074,MCH002,SUP018,870,840,morning,completed
PO0173,2026-02-28,PROD015,MCH005,SUP016,433,338,night,completed
PO0174,2026-03-20,PROD051,MCH010,SUP004,711,640,evening,completed
PO0175,2026-03-21,PROD023,MCH005,SUP020,965,903,night,completed
PO0176,2026-02-10,PROD016,MCH004,SUP010,788,685,morning,completed
PO0177,2026-01-19,PROD066,MCH007,SUP014,482,450,night,completed
PO0178,2026-02-24,PROD024,MCH008,SUP018,688,617,night,completed
PO0179,2026-03-04,PROD037,MCH003,SUP006,668,569,evening,delayed
PO0180,2026-02-15,PROD002,MCH008,SUP005,734,620,morning,delayed
PO0181,2026-03-25,PROD064,MCH007,SUP016,675,619,evening,delayed
PO0182,2026-01-11,PROD073,MCH001,SUP008,600,501,evening,completed
PO0183,2026-03-10,PROD037,MCH003,SUP015,381,289,night,delayed
PO0184,2026-01-15,PROD074,MCH002,SUP009,662,607,night,completed
PO0185,2026-01-06,PROD098,MCH008,SUP018,655,640,morning,delayed
PO0186,2026-03-25,PROD097,MCH004,SUP010,204,178,morning,delayed
PO0187,2026-01-12,PROD057,MCH002,SUP008,369,293,morning,completed
PO0188,2026-03-20,PROD081,MCH007,SUP006,981,951,night,completed
PO0189,2026-01-27,PROD008,MCH010,SUP012,903,809,night,completed
PO0190,2026-01-22,PROD042,MCH005,SUP010,711,659,night,completed
PO0191,2026-03-28,PROD013,MCH003,SUP014,978,923,morning,completed
PO0192,2026-01-17,PROD090,MCH003,SUP008,987,950,morning,completed
PO0193,2026-03-28,PROD051,MCH008,SUP005,948,859,night,completed
PO0194,2026-02-18,PROD058,MCH002,SUP003,742,675,evening,completed
PO0195,2026-02-17,PROD059,MCH008,SUP011,811,810,night,completed
PO0196,2026-01-12,PROD094,MCH008,SUP012,989,968,morning,delayed
PO0197,2026-01-28,PROD064,MCH005,SUP011,323,257,evening,completed
PO0198,2026-01-17,PROD073,MCH008,SUP011,660,613,night,completed
PO0199,2026-03-22,PROD059,MCH001,SUP004,147,39,morning,delayed
PO0200,2026-02-24,PROD026,MCH003,SUP010,567,447,morning,completed
PO0201,2026-02-16,PROD033,MCH002,SUP012,195,158,night,completed
PO0202,2026-03-22,PROD040,MCH004,SUP014,153,83,night,completed
PO0203,2026-01-01,PROD028,MCH008,SUP003,820,712,morning,completed
PO0204,2026-02-26,PROD002,MCH001,SUP011,631,598,morning,delayed
PO0205,2026-03-03,PROD010,MCH004,SUP013,810,706,morning,completed
PO0206,2026-02-17,PROD039,MCH003,SUP013,205,125,morning,completed
PO0207,2026-03-14,PROD002,MCH010,SUP006,170,117,evening,completed
PO0208,2026-03-22,PROD096,MCH003,SUP014,839,746,night,delayed
PO0209,2026-01-12,PROD013,MCH003,SUP004,980,887,night,delayed
PO0210,2026-02-10,PROD018,MCH004,SUP009,459,393,night,completed
PO0211,2026-03-18,PROD077,MCH010,SUP010,354,304,night,completed
PO0212,2026-03-26,PROD039,MCH004,SUP017,968,956,night,completed
PO0213,2026-02-07,PROD083,MCH001,SUP008,865,795,evening,delayed
PO0214,2026-03-05,PROD082,MCH010,SUP003,215,125,night,completed
PO0215,2026-02-10,PROD017,MCH007,SUP019,469,468,evening,completed
PO0216,2026-01-23,PROD098,MCH008,SUP003,659,626,morning,completed
PO0217,2026-01-28,PROD006,MCH001,SUP013,114,33,night,completed
PO0218,2026-03-06,PROD099,MCH007,SUP014,743,714,night,delayed
PO0219,2026-03-10,PROD069,MCH010,SUP005,184,145,evening,completed
PO0220,2026-03-07,PROD027,MCH003,SUP018,417,307,evening,delayed
PO0221,2026-03-25,PROD088,MCH002,SUP010,700,661,night,delayed
PO0222,2026-01-31,PROD008,MCH004,SUP003,847,835,evening,completed
PO0223,2026-03-19,PROD008,MCH005,SUP006,564,522,morning,completed
PO0224,2026-03-31,PROD002,MCH003,SUP016,824,721,evening,completed
PO0225,2026-01-17,PROD096,MCH005,SUP004,270,197,morning,completed
PO0226,2026-02-04,PROD068,MCH002,SUP009,926,860,night,completed
PO0227,2026-03-07,PROD047,MCH001,SUP016,608,546,night,completed
PO0228,2026-02-02,PROD099,MCH002,SUP019,476,376,night,completed
PO0229,2026-03-07,PROD001,MCH001,SUP001,333,307,morning,completed
PO0230,2026-02-19,PROD020,MCH003,SUP002,583,509,night,delayed
PO0231,2026-02-01,PROD054,MCH006,SUP009,329,250,morning,completed
PO0232,2026-03-28,PROD007,MCH003,SUP008,222,166,night,completed
PO0233,2026-03-01,PROD037,MCH005,SUP011,510,398,morning,delayed
PO0234,2026-01-26,PROD038,MCH010,SUP010,108,47,night,completed
PO0235,2026-03-17,PROD064,MCH004,SUP018,575,502,morning,completed
PO0236,2026-01-04,PROD030,MCH009,SUP012,106,52,night,completed
PO0237,2026-03-26,PROD049,MCH005,SUP004,443,323,morning,completed
PO0238,2026-01-08,PROD019,MCH005,SUP003,529,471,morning,completed
PO0239,2026-02-22,PROD090,MCH006,SUP015,965,911,night,completed
PO0240,2026-03-06,PROD018,MCH007,SUP003,694,586,night,completed
PO0241,2026-01-17,PROD031,MCH005,SUP009,545,509,evening,delayed
PO0242,2026-02-11,PROD041,MCH008,SUP009,817,803,morning,completed
PO0243,2026-03-16,PROD014,MCH003,SUP004,307,204,morning,delayed
PO0244,2026-02-22,PROD016,MCH009,SUP012,577,497,morning,delayed
PO0245,2026-02-03,PROD016,MCH002,SUP006,415,354,night,completed
PO0246,2026-03-31,PROD078,MCH001,SUP007,946,916,evening,completed
PO0247,2026-02-01,PROD046,MCH007,SUP017,193,164,morning,completed
PO0248,2026-01-23,PROD004,MCH007,SUP015,366,350,night,completed
PO0249,2026-01-14,PROD018,MCH002,SUP001,196,135,morning,completed
PO0250,2026-02-21,PROD048,MCH002,SUP019,233,138,night,completed
PO0251,2026-01-03,PROD009,MCH004,SUP015,932,821,morning,completed
PO0252,2026-02-12,PROD016,MCH001,SUP015,967,953,morning,completed
PO0253,2026-02-20,PROD064,MCH001,SUP013,687,622,night,delayed
PO0254,2026-01-28,PROD024,MCH005,SUP009,276,201,evening,completed
PO0255,2026-03-21,PROD079,MCH004,SUP010,135,93,evening,delayed
PO0256,2026-01-08,PROD012,MCH005,SUP013,663,604,morning,delayed
PO0257,2026-03-09,PROD032,MCH009,SUP001,304,266,evening,completed
PO0258,2026-03-04,PROD045,MCH010,SUP017,591,540,evening,delayed
PO0259,2026-01-04,PROD041,MCH010,SUP008,376,279,morning,completed
PO0260,2026-03-02,PROD068,MCH006,SUP019,159,142,morning,completed
PO0261,2026-03-26,PROD031,MCH005,SUP018,202,113,night,completed
PO0262,2026-03-15,PROD050,MCH006,SUP006,882,790,morning,completed
PO0263,2026-03-31,PROD046,MCH010,SUP001,706,626,night,completed
PO0264,2026-01-19,PROD073,MCH004,SUP016,681,633,night,completed
PO0265,2026-01-05,PROD012,MCH001,SUP008,279,221,night,completed
PO0266,2026-03-03,PROD001,MCH006,SUP020,120,67,morning,completed
PO0267,2026-01-23,PROD042,MCH001,SUP001,448,419,morning,completed
PO0268,2026-03-09,PROD047,MCH002,SUP012,892,786,night,delayed
PO0269,2026-02-13,PROD039,MCH006,SUP005,700,592,morning,delayed
PO0270,2026-03-04,PROD084,MCH006,SUP006,910,871,night,completed
PO0271,2026-03-17,PROD023,MCH007,SUP010,328,293,night,completed
PO0272,2026-01-01,PROD090,MCH010,SUP013,230,132,night,completed
PO0273,2026-02-10,PROD079,MCH004,SUP019,286,243,morning,delayed
PO0274,2026-01-10,PROD031,MCH006,SUP011,244,166,morning,completed
PO0275,2026-03-27,PROD082,MCH006,SUP015,941,911,morning,completed
PO0276,2026-03-30,PROD009,MCH006,SUP009,314,225,morning,completed
PO0277,2026-02-26,PROD094,MCH007,SUP006,149,78,evening,delayed
PO0278,2026-03-11,PROD049,MCH002,SUP016,487,411,night,completed
PO0279,2026-01-10,PROD005,MCH005,SUP001,266,203,evening,completed
PO0280,2026-02-13,PROD022,MCH007,SUP006,207,96,night,completed
PO0281,2026-01-12,PROD044,MCH010,SUP020,660,660,evening,completed
PO0282,2026-03-25,PROD022,MCH010,SUP014,541,541,morning,completed
PO0283,2026-01-27,PROD025,MCH007,SUP018,203,125,night,completed
PO0284,2026-02-08,PROD031,MCH002,SUP002,776,692,evening,delayed
PO0285,2026-02-16,PROD001,MCH007,SUP003,257,143,evening,delayed
PO0286,2026-01-04,PROD027,MCH003,SUP010,304,196,morning,delayed
PO0287,2026-02-09,PROD051,MCH008,SUP016,964,858,night,completed
PO0288,2026-03-11,PROD050,MCH003,SUP012,193,155,evening,completed
PO0289,2026-01-06,PROD034,MCH008,SUP015,291,228,evening,completed
PO0290,2026-03-14,PROD008,MCH003,SUP004,957,871,morning,completed
PO0291,2026-02-22,PROD097,MCH010,SUP008,927,876,night,completed
PO0292,2026-03-08,PROD054,MCH009,SUP016,960,889,night,completed
PO0293,2026-01-11,PROD051,MCH001,SUP017,587,505,night,completed
PO0294,2026-02-27,PROD023,MCH003,SUP007,223,199,morning,completed
PO0295,2026-01-11,PROD088,MCH007,SUP007,143,77,night,completed
PO0296,2026-02-03,PROD041,MCH002,SUP003,954,910,evening,delayed
PO0297,2026-02-05,PROD067,MCH008,SUP001,665,586,night,delayed
PO0298,2026-01-20,PROD019,MCH010,SUP019,215,148,night,completed
PO0299,2026-01-13,PROD037,MCH009,SUP012,208,160,evening,completed
PO0300,2026-03-04,PROD074,MCH010,SUP016,492,455,morning,completed
PO0301,2026-01-19,PROD080,MCH010,SUP013,382,313,morning,delayed
PO0302,2026-03-30,PROD031,MCH001,SUP016,1000,922,evening,completed
PO0303,2026-02-08,PROD040,MCH005,SUP016,120,43,night,completed
PO0304,2026-01-18,PROD039,MCH008,SUP011,989,898,evening,delayed
PO0305,2026-01-12,PROD025,MCH008,SUP007,719,681,evening,delayed
PO0306,2026-02-17,PROD008,MCH009,SUP006,877,823,morning,completed
PO0307,2026-02-21,PROD018,MCH009,SUP019,826,770,morning,completed
PO0308,2026-01-26,PROD008,MCH004,SUP002,297,289,evening,completed
PO0309,2026-01-26,PROD036,MCH006,SUP015,469,439,night,delayed
PO0310,2026-01-16,PROD088,MCH001,SUP008,750,748,evening,delayed
PO0311,2026-01-23,PROD061,MCH010,SUP018,708,645,evening,completed
PO0312,2026-02-03,PROD096,MCH002,SUP010,267,254,morning,delayed
PO0313,2026-03-15,PROD100,MCH004,SUP008,150,50,night,completed
PO0314,2026-02-04,PROD084,MCH007,SUP017,793,699,morning,completed
PO0315,2026-01-17,PROD083,MCH003,SUP020,585,581,morning,completed
PO0316,2026-02-09,PROD092,MCH005,SUP014,358,315,evening,completed
PO0317,2026-01-28,PROD060,MCH005,SUP017,570,482,night,delayed
PO0318,2026-01-01,PROD066,MCH006,SUP018,698,591,night,completed
PO0319,2026-01-14,PROD062,MCH002,SUP011,405,372,evening,completed
PO0320,2026-02-03,PROD084,MCH005,SUP007,982,897,morning,completed
PO0321,2026-03-18,PROD052,MCH006,SUP005,158,141,night,completed
PO0322,2026-02-07,PROD034,MCH007,SUP013,771,714,evening,completed
PO0323,2026-03-15,PROD025,MCH006,SUP008,697,667,night,delayed
PO0324,2026-03-06,PROD039,MCH003,SUP018,787,712,morning,completed
PO0325,2026-01-17,PROD095,MCH005,SUP018,199,139,morning,completed
PO0326,2026-01-29,PROD046,MCH004,SUP010,770,661,evening,completed
PO0327,2026-03-16,PROD038,MCH008,SUP004,480,393,evening,completed
PO0328,2026-03-16,PROD075,MCH010,SUP003,987,948,evening,completed
PO0329,2026-03-29,PROD049,MCH009,SUP010,612,507,evening,completed
PO0330,2026-01-20,PROD018,MCH004,SUP011,991,980,evening,delayed
PO0331,2026-01-24,PROD100,MCH002,SUP016,246,166,evening,completed
PO0332,2026-01-08,PROD001,MCH008,SUP009,420,381,morning,completed
PO0333,2026-01-21,PROD063,MCH002,SUP005,690,667,night,delayed
PO0334,2026-02-21,PROD055,MCH008,SUP013,748,682,morning,completed
PO0335,2026-02-17,PROD002,MCH006,SUP017,646,551,morning,completed
PO0336,2026-03-22,PROD094,MCH004,SUP008,792,672,night,completed
PO0337,2026-01-14,PROD050,MCH009,SUP019,419,315,evening,completed
PO0338,2026-01-06,PROD039,MCH005,SUP015,166,151,night,completed
PO0339,2026-03-29,PROD018,MCH006,SUP016,544,537,evening,completed
PO0340,2026-02-21,PROD003,MCH004,SUP008,268,264,night,completed
PO0341,2026-01-03,PROD076,MCH009,SUP006,316,289,morning,completed
PO0342,2026-01-05,PROD049,MCH005,SUP018,828,791,night,completed
PO0343,2026-03-26,PROD014,MCH001,SUP002,708,594,night,completed
PO0344,2026-02-18,PROD016,MCH009,SUP009,526,462,evening,completed
PO0345,2026-03-29,PROD081,MCH001,SUP010,310,278,evening,completed
PO0346,2026-02-04,PROD080,MCH010,SUP005,778,724,evening,completed
PO0347,2026-03-21,PROD016,MCH005,SUP004,623,595,morning,delayed
PO0348,2026-01-26,PROD100,MCH005,SUP017,303,260,morning,completed
PO0349,2026-02-07,PROD021,MCH001,SUP018,820,752,evening,completed
PO0350,2026-03-03,PROD043,MCH004,SUP001,804,803,morning,completed
PO0351,2026-03-15,PROD086,MCH008,SUP005,213,199,morning,completed
PO0352,2026-01-13,PROD033,MCH004,SUP015,840,812,evening,completed
PO0353,2026-01-13,PROD023,MCH001,SUP010,575,461,evening,completed
PO0354,2026-01-15,PROD013,MCH001,SUP001,536,510,morning,completed
PO0355,2026-02-26,PROD080,MCH005,SUP003,436,361,evening,completed
PO0356,2026-02-21,PROD052,MCH008,SUP009,287,181,evening,delayed
PO0357,2026-03-25,PROD022,MCH002,SUP005,919,852,night,completed
PO0358,2026-01-14,PROD054,MCH010,SUP016,964,864,night,delayed
PO0359,2026-02-18,PROD100,MCH006,SUP020,285,243,morning,completed
PO0360,2026-03-04,PROD015,MCH007,SUP015,594,591,morning,completed
PO0361,2026-02-10,PROD002,MCH009,SUP019,367,330,night,completed
PO0362,2026-02-13,PROD067,MCH009,SUP020,785,776,morning,delayed
PO0363,2026-02-01,PROD062,MCH006,SUP013,777,750,morning,completed
PO0364,2026-01-21,PROD065,MCH008,SUP016,111,82,morning,completed
PO0365,2026-02-11,PROD031,MCH006,SUP009,869,811,morning,completed
PO0366,2026-02-18,PROD052,MCH004,SUP003,663,625,evening,delayed
PO0367,2026-02-27,PROD012,MCH008,SUP015,920,873,evening,completed
PO0368,2026-03-25,PROD003,MCH002,SUP013,609,584,evening,completed
PO0369,2026-01-01,PROD012,MCH010,SUP020,670,620,night,completed
PO0370,2026-01-27,PROD084,MCH008,SUP011,620,571,evening,completed
PO0371,2026-02-28,PROD043,MCH009,SUP020,936,844,night,delayed
PO0372,2026-02-16,PROD092,MCH008,SUP004,833,797,morning,completed
PO0373,2026-02-15,PROD082,MCH005,SUP018,102,43,night,completed
PO0374,2026-01-06,PROD022,MCH008,SUP005,818,711,night,delayed
PO0375,2026-03-20,PROD026,MCH004,SUP004,209,121,evening,completed
PO0376,2026-01-25,PROD092,MCH006,SUP004,568,553,evening,completed
PO0377,2026-03-28,PROD076,MCH002,SUP015,748,735,evening,completed
PO0378,2026-03-09,PROD095,MCH001,SUP018,610,490,evening,delayed
PO0379,2026-01-23,PROD089,MCH010,SUP006,620,599,night,completed
PO0380,2026-03-26,PROD077,MCH010,SUP011,206,135,night,delayed
PO0381,2026-03-30,PROD098,MCH004,SUP009,528,485,evening,completed
PO0382,2026-01-18,PROD018,MCH007,SUP020,401,338,night,completed
PO0383,2026-03-12,PROD041,MCH009,SUP007,963,932,morning,completed
PO0384,2026-02-07,PROD088,MCH006,SUP005,739,710,night,completed
PO0385,2026-03-30,PROD082,MCH006,SUP004,615,564,evening,delayed
PO0386,2026-03-27,PROD091,MCH007,SUP018,696,649,evening,delayed
PO0387,2026-03-08,PROD014,MCH001,SUP013,927,808,morning,completed
PO0388,2026-01-26,PROD035,MCH003,SUP010,786,673,night,completed
PO0389,2026-01-08,PROD089,MCH005,SUP007,249,236,night,completed
PO0390,2026-02-27,PROD014,MCH010,SUP018,467,451,morning,delayed
PO0391,2026-03-31,PROD037,MCH001,SUP013,343,288,evening,delayed
PO0392,2026-02-10,PROD071,MCH001,SUP001,907,874,night,completed
PO0393,2026-02-26,PROD029,MCH006,SUP019,307,266,night,completed
PO0394,2026-01-25,PROD038,MCH008,SUP006,894,866,night,completed
PO0395,2026-03-07,PROD016,MCH007,SUP002,291,193,evening,completed
PO0396,2026-01-17,PROD021,MCH010,SUP009,669,582,morning,completed
PO0397,2026-01-20,PROD006,MCH003,SUP011,577,547,night,completed
PO0398,2026-03-22,PROD079,MCH005,SUP016,892,891,night,completed
PO0399,2026-04-01,PROD041,MCH009,SUP008,174,154,morning,completed
PO0400,2026-01-21,PROD054,MCH009,SUP018,905,849,evening,completed
PO0401,2026-01-28,PROD085,MCH006,SUP011,457,365,evening,completed
PO0402,2026-03-21,PROD068,MCH008,SUP018,323,299,night,completed
PO0403,2026-02-14,PROD058,MCH004,SUP020,217,182,night,completed
PO0404,2026-02-11,PROD049,MCH002,SUP013,140,107,evening,completed
PO0405,2026-03-08,PROD099,MCH006,SUP017,125,121,night,delayed
PO0406,2026-02-07,PROD084,MCH004,SUP011,598,483,night,completed
PO0407,2026-03-10,PROD069,MCH001,SUP003,198,99,morning,completed
PO0408,2026-02-24,PROD014,MCH004,SUP018,985,952,night,delayed
PO0409,2026-01-10,PROD096,MCH003,SUP001,762,746,evening,completed
PO0410,2026-01-10,PROD007,MCH003,SUP009,138,29,night,completed
PO0411,2026-01-30,PROD034,MCH007,SUP013,688,673,evening,delayed
PO0412,2026-01-03,PROD050,MCH002,SUP018,543,463,morning,completed
PO0413,2026-03-16,PROD006,MCH002,SUP012,874,849,night,completed
PO0414,2026-03-29,PROD039,MCH010,SUP003,396,376,evening,delayed
PO0415,2026-03-26,PROD004,MCH008,SUP006,490,420,night,completed
PO0416,2026-02-20,PROD070,MCH005,SUP005,239,214,evening,completed
PO0417,2026-03-13,PROD019,MCH002,SUP002,111,70,morning,delayed
PO0418,2026-01-11,PROD040,MCH004,SUP012,650,600,morning,delayed
PO0419,2026-03-07,PROD019,MCH003,SUP006,761,749,morning,completed
PO0420,2026-01-24,PROD086,MCH010,SUP002,298,192,night,delayed
PO0421,2026-01-10,PROD038,MCH002,SUP009,760,710,morning,completed
PO0422,2026-03-04,PROD043,MCH006,SUP005,843,797,night,completed
PO0423,2026-03-21,PROD009,MCH004,SUP011,202,118,evening,delayed
PO0424,2026-03-26,PROD040,MCH010,SUP005,436,394,night,completed
PO0425,2026-02-24,PROD022,MCH001,SUP011,927,847,morning,completed
PO0426,2026-03-24,PROD056,MCH005,SUP012,829,803,morning,completed
PO0427,2026-03-01,PROD058,MCH006,SUP010,998,939,evening,completed
PO0428,2026-03-19,PROD011,MCH005,SUP005,279,241,night,completed
PO0429,2026-03-22,PROD010,MCH002,SUP001,369,342,night,completed
PO0430,2026-03-16,PROD052,MCH010,SUP007,932,886,morning,completed
PO0431,2026-03-11,PROD061,MCH003,SUP012,656,650,evening,completed
PO0432,2026-02-07,PROD018,MCH008,SUP017,890,845,night,completed
PO0433,2026-03-06,PROD002,MCH004,SUP020,506,432,night,completed
PO0434,2026-01-18,PROD058,MCH003,SUP006,875,820,night,completed
PO0435,2026-03-03,PROD046,MCH001,SUP008,853,826,evening,completed
PO0436,2026-02-17,PROD030,MCH001,SUP007,164,77,night,completed
PO0437,2026-02-28,PROD006,MCH001,SUP011,497,437,morning,completed
PO0438,2026-02-03,PROD075,MCH009,SUP019,954,928,morning,delayed
PO0439,2026-02-16,PROD076,MCH002,SUP017,769,697,evening,delayed
PO0440,2026-02-21,PROD046,MCH006,SUP016,328,274,evening,completed
PO0441,2026-01-18,PROD057,MCH003,SUP008,613,605,morning,completed
PO0442,2026-01-24,PROD021,MCH006,SUP020,316,215,night,completed
PO0443,2026-02-23,PROD043,MCH002,SUP016,776,685,night,delayed
PO0444,2026-03-17,PROD021,MCH007,SUP001,590,496,morning,completed
PO0445,2026-03-17,PROD021,MCH003,SUP017,230,183,morning,completed
PO0446,2026-02-03,PROD024,MCH009,SUP013,157,58,night,completed
PO0447,2026-03-26,PROD037,MCH002,SUP007,999,971,evening,delayed
PO0448,2026-01-22,PROD029,MCH007,SUP020,988,929,morning,completed
PO0449,2026-03-07,PROD034,MCH003,SUP011,738,702,evening,completed
PO0450,2026-02-19,PROD017,MCH002,SUP001,335,263,morning,delayed
PO0451,2026-03-19,PROD013,MCH003,SUP016,946,845,night,completed
PO0452,2026-03-10,PROD065,MCH002,SUP003,998,978,evening,completed
PO0453,2026-01-01,PROD100,MCH007,SUP017,717,666,evening,completed
PO0454,2026-03-31,PROD068,MCH007,SUP008,995,880,evening,delayed
PO0455,2026-03-31,PROD074,MCH002,SUP014,458,413,morning,completed
PO0456,2026-01-30,PROD011,MCH005,SUP020,588,566,night,delayed
PO0457,2026-01-01,PROD091,MCH001,SUP019,363,267,night,completed
PO0458,2026-02-18,PROD084,MCH004,SUP011,632,512,evening,completed
PO0459,2026-02-24,PROD084,MCH010,SUP009,209,108,evening,delayed
PO0460,2026-03-20,PROD036,MCH007,SUP007,678,604,evening,delayed
PO0461,2026-03-13,PROD072,MCH008,SUP009,283,210,evening,completed
PO0462,2026-02-20,PROD095,MCH003,SUP004,892,862,night,completed
PO0463,2026-03-31,PROD021,MCH002,SUP007,557,537,night,delayed
PO0464,2026-03-12,PROD079,MCH001,SUP006,904,827,evening,completed
PO0465,2026-01-19,PROD061,MCH010,SUP014,923,814,morning,completed
PO0466,2026-02-17,PROD011,MCH010,SUP002,369,277,night,delayed
PO0467,2026-03-25,PROD067,MCH005,SUP020,510,468,morning,completed
PO0468,2026-02-26,PROD002,MCH004,SUP017,755,698,evening,completed
PO0469,2026-03-18,PROD066,MCH009,SUP008,134,114,night,completed
PO0470,2026-02-16,PROD031,MCH001,SUP006,790,674,morning,completed
PO0471,2026-02-15,PROD086,MCH007,SUP013,898,829,night,completed
PO0472,2026-04-01,PROD009,MCH002,SUP018,630,511,evening,completed
PO0473,2026-02-05,PROD029,MCH010,SUP007,455,439,evening,delayed
PO0474,2026-02-03,PROD023,MCH007,SUP017,688,568,morning,completed
PO0475,2026-02-13,PROD015,MCH009,SUP009,615,532,night,completed
PO0476,2026-02-18,PROD073,MCH008,SUP008,810,746,evening,delayed
PO0477,2026-03-17,PROD004,MCH008,SUP004,797,735,evening,completed
PO0478,2026-01-29,PROD087,MCH004,SUP011,491,452,evening,completed
PO0479,2026-01-02,PROD090,MCH005,SUP008,628,576,evening,completed
PO0480,2026-02-13,PROD010,MCH009,SUP006,508,474,evening,completed
PO0481,2026-03-15,PROD035,MCH003,SUP007,462,369,evening,completed
PO0482,2026-01-31,PROD034,MCH004,SUP008,340,314,morning,completed
PO0483,2026-02-15,PROD020,MCH002,SUP004,956,915,morning,delayed
PO0484,2026-03-11,PROD006,MCH008,SUP012,728,608,night,completed
PO0485,2026-03-15,PROD036,MCH008,SUP006,604,598,night,completed
PO0486,2026-03-15,PROD017,MCH001,SUP017,507,415,evening,delayed
PO0487,2026-03-06,PROD045,MCH007,SUP006,653,537,evening,completed
PO0488,2026-02-28,PROD041,MCH001,SUP001,815,761,night,completed
PO0489,2026-01-13,PROD042,MCH006,SUP020,488,442,evening,completed
PO0490,2026-01-31,PROD035,MCH008,SUP020,661,574,evening,completed
PO0491,2026-02-24,PROD027,MCH007,SUP012,288,231,evening,delayed
PO0492,2026-01-24,PROD074,MCH003,SUP019,386,323,night,completed
PO0493,2026-02-04,PROD031,MCH009,SUP014,933,825,evening,completed
PO0494,2026-01-20,PROD061,MCH001,SUP006,249,231,evening,delayed
PO0495,2026-03-22,PROD067,MCH009,SUP011,237,231,evening,completed
PO0496,2026-03-14,PROD007,MCH007,SUP004,356,307,night,completed
PO0497,2026-02-02,PROD061,MCH002,SUP015,161,68,night,completed
PO0498,2026-02-16,PROD072,MCH009,SUP009,366,292,evening,completed
PO0499,2026-02-14,PROD087,MCH010,SUP007,521,416,night,completed
PO0500,2026-02-15,PROD042,MCH009,SUP016,899,815,night,delayed
PO0501,2026-03-20,PROD037,MCH008,SUP005,180,108,morning,completed
PO0502,2026-03-20,PROD074,MCH007,SUP003,531,491,morning,completed
PO0503,2026-02-10,PROD041,MCH005,SUP009,451,360,night,delayed
PO0504,2026-02-26,PROD100,MCH006,SUP019,377,370,night,delayed
PO0505,2026-01-24,PROD003,MCH003,SUP008,523,424,night,completed
PO0506,2026-01-11,PROD027,MCH003,SUP013,861,830,morning,completed
PO0507,2026-03-02,PROD071,MCH001,SUP001,165,164,evening,completed
PO0508,2026-03-21,PROD020,MCH002,SUP013,206,119,evening,completed
PO0509,2026-02-06,PROD057,MCH003,SUP005,353,327,night,completed
PO0510,2026-03-26,PROD046,MCH006,SUP016,129,13,evening,completed
PO0511,2026-01-18,PROD090,MCH009,SUP006,661,597,night,delayed
PO0512,2026-03-23,PROD073,MCH007,SUP017,746,721,night,completed
PO0513,2026-03-11,PROD030,MCH002,SUP015,455,396,evening,completed
PO0514,2026-01-20,PROD039,MCH001,SUP001,522,435,night,completed
PO0515,2026-03-02,PROD069,MCH001,SUP016,452,368,evening,completed
PO0516,2026-02-25,PROD038,MCH010,SUP008,109,98,morning,completed
PO0517,2026-03-13,PROD056,MCH007,SUP008,293,225,morning,delayed
PO0518,2026-01-29,PROD034,MCH002,SUP014,948,876,night,completed
PO0519,2026-03-20,PROD089,MCH005,SUP010,629,606,night,completed
PO0520,2026-01-09,PROD024,MCH003,SUP010,522,426,morning,delayed
PO0521,2026-02-04,PROD090,MCH010,SUP016,732,669,morning,completed
PO0522,2026-01-07,PROD069,MCH001,SUP006,119,19,morning,completed
PO0523,2026-02-26,PROD094,MCH001,SUP008,375,271,morning,completed
PO0524,2026-01-28,PROD044,MCH007,SUP010,115,63,evening,completed
PO0525,2026-01-05,PROD043,MCH002,SUP005,574,543,morning,completed
PO0526,2026-01-10,PROD070,MCH008,SUP006,894,824,morning,completed
PO0527,2026-01-02,PROD016,MCH004,SUP013,936,864,evening,completed
PO0528,2026-01-26,PROD059,MCH002,SUP017,855,739,night,completed
PO0529,2026-03-29,PROD040,MCH006,SUP006,584,513,night,completed
PO0530,2026-03-12,PROD067,MCH002,SUP009,862,861,evening,completed
PO0531,2026-01-07,PROD086,MCH004,SUP004,303,229,morning,delayed
PO0532,2026-01-22,PROD036,MCH010,SUP004,432,313,evening,completed
PO0533,2026-03-16,PROD089,MCH008,SUP020,109,5,morning,completed
PO0534,2026-02-01,PROD021,MCH008,SUP003,889,780,night,completed
PO0535,2026-01-08,PROD008,MCH006,SUP005,877,837,night,completed
PO0536,2026-01-30,PROD041,MCH009,SUP012,228,170,evening,completed
PO0537,2026-02-18,PROD046,MCH003,SUP009,121,89,morning,delayed
PO0538,2026-03-13,PROD038,MCH009,SUP016,823,759,morning,completed
PO0539,2026-02-11,PROD094,MCH008,SUP009,656,580,night,completed
PO0540,2026-01-20,PROD058,MCH005,SUP009,170,117,night,completed
PO0541,2026-03-23,PROD065,MCH007,SUP006,564,444,morning,completed
PO0542,2026-01-31,PROD042,MCH002,SUP018,894,853,evening,completed
PO0543,2026-03-05,PROD099,MCH009,SUP005,636,603,night,completed
PO0544,2026-03-24,PROD042,MCH002,SUP004,430,362,night,completed
PO0545,2026-01-17,PROD023,MCH001,SUP007,144,130,morning,delayed
PO0546,2026-01-05,PROD074,MCH007,SUP016,296,188,night,completed
PO0547,2026-01-29,PROD078,MCH002,SUP001,150,76,morning,delayed
PO0548,2026-03-01,PROD082,MCH001,SUP012,952,842,night,delayed
PO0549,2026-04-01,PROD008,MCH010,SUP009,941,868,night,completed
PO0550,2026-02-08,PROD010,MCH004,SUP017,851,740,morning,completed
PO0551,2026-03-10,PROD050,MCH004,SUP007,842,751,night,completed
PO0552,2026-01-23,PROD072,MCH009,SUP014,683,643,night,completed
PO0553,2026-03-15,PROD046,MCH008,SUP014,884,845,morning,completed
PO0554,2026-03-12,PROD052,MCH009,SUP011,911,814,night,completed
PO0555,2026-02-26,PROD046,MCH006,SUP018,646,602,evening,completed
PO0556,2026-03-23,PROD056,MCH006,SUP020,522,499,morning,completed
PO0557,2026-03-12,PROD096,MCH005,SUP012,484,462,evening,delayed
PO0558,2026-01-05,PROD037,MCH010,SUP001,506,386,night,completed
PO0559,2026-02-08,PROD029,MCH004,SUP011,409,289,morning,completed
PO0560,2026-03-13,PROD074,MCH010,SUP005,666,611,morning,completed
PO0561,2026-01-20,PROD018,MCH005,SUP012,571,496,night,completed
PO0562,2026-02-08,PROD012,MCH010,SUP013,338,250,night,completed
PO0563,2026-02-11,PROD062,MCH003,SUP016,851,740,night,completed
PO0564,2026-02-08,PROD005,MCH010,SUP013,709,671,morning,completed
PO0565,2026-02-14,PROD056,MCH007,SUP004,889,811,morning,completed
PO0566,2026-03-22,PROD049,MCH001,SUP010,749,728,night,completed
PO0567,2026-03-14,PROD020,MCH006,SUP017,426,375,night,completed
PO0568,2026-03-28,PROD094,MCH007,SUP015,256,142,night,completed
PO0569,2026-02-07,PROD051,MCH003,SUP005,327,262,evening,completed
PO0570,2026-01-07,PROD071,MCH007,SUP009,587,540,morning,delayed
PO0571,2026-03-31,PROD017,MCH003,SUP016,613,548,night,completed
PO0572,2026-03-25,PROD074,MCH004,SUP018,599,529,night,completed
PO0573,2026-02-04,PROD100,MCH007,SUP011,348,237,night,completed
PO0574,2026-02-22,PROD055,MCH006,SUP012,215,180,morning,completed
PO0575,2026-03-25,PROD004,MCH005,SUP006,452,408,evening,delayed
PO0576,2026-02-26,PROD006,MCH004,SUP007,738,636,night,completed
PO0577,2026-01-11,PROD015,MCH001,SUP008,259,235,night,completed
PO0578,2026-02-06,PROD002,MCH006,SUP004,989,975,evening,delayed
PO0579,2026-02-12,PROD027,MCH009,SUP007,582,464,morning,completed
PO0580,2026-03-21,PROD094,MCH003,SUP001,661,602,evening,completed
PO0581,2026-01-08,PROD037,MCH004,SUP020,361,262,evening,completed
PO0582,2026-01-02,PROD009,MCH007,SUP009,576,539,night,completed
PO0583,2026-01-03,PROD038,MCH007,SUP008,985,878,evening,completed
PO0584,2026-03-18,PROD069,MCH002,SUP006,423,365,morning,delayed
PO0585,2026-01-03,PROD006,MCH004,SUP017,674,672,evening,completed
PO0586,2026-01-21,PROD003,MCH006,SUP012,601,531,evening,completed
PO0587,2026-02-05,PROD008,MCH005,SUP013,341,285,morning,completed
PO0588,2026-02-13,PROD051,MCH003,SUP003,330,229,night,delayed
PO0589,2026-03-20,PROD081,MCH004,SUP014,633,599,morning,completed
PO0590,2026-03-19,PROD043,MCH008,SUP018,536,455,morning,completed
PO0591,2026-03-16,PROD070,MCH004,SUP005,768,665,evening,completed
PO0592,2026-01-19,PROD084,MCH010,SUP006,540,536,evening,completed
PO0593,2026-01-16,PROD024,MCH006,SUP005,670,618,night,completed
PO0594,2026-02-22,PROD053,MCH005,SUP015,883,803,night,completed
PO0595,2026-01-25,PROD014,MCH003,SUP006,255,234,morning,completed
PO0596,2026-03-20,PROD030,MCH010,SUP008,720,672,morning,completed
PO0597,2026-03-30,PROD100,MCH008,SUP005,467,357,night,delayed
PO0598,2026-02-17,PROD024,MCH007,SUP016,829,792,evening,completed
PO0599,2026-01-29,PROD005,MCH007,SUP001,267,171,evening,delayed
PO0600,2026-03-27,PROD026,MCH004,SUP003,327,302,morning,delayed
PO0601,2026-03-04,PROD089,MCH006,SUP015,987,945,morning,delayed
PO0602,2026-01-06,PROD078,MCH007,SUP011,514,493,evening,completed
PO0603,2026-02-27,PROD059,MCH001,SUP008,633,526,night,delayed
PO0604,2026-03-13,PROD050,MCH009,SUP002,852,737,morning,completed
PO0605,2026-02-08,PROD100,MCH005,SUP015,550,480,morning,delayed
PO0606,2026-01-07,PROD089,MCH009,SUP005,401,359,evening,delayed
PO0607,2026-03-06,PROD015,MCH003,SUP019,192,164,night,completed
PO0608,2026-02-11,PROD058,MCH001,SUP006,502,434,evening,completed
PO0609,2026-02-02,PROD042,MCH003,SUP004,565,456,morning,completed
PO0610,2026-03-23,PROD047,MCH002,SUP017,823,760,night,delayed
PO0611,2026-03-07,PROD079,MCH003,SUP013,844,825,night,delayed
PO0612,2026-01-22,PROD043,MCH010,SUP005,144,122,morning,completed
PO0613,2026-01-07,PROD054,MCH005,SUP010,283,261,night,delayed
PO0614,2026-01-24,PROD016,MCH003,SUP007,395,355,morning,completed
PO0615,2026-03-05,PROD064,MCH009,SUP001,112,58,night,delayed
PO0616,2026-03-17,PROD085,MCH008,SUP015,343,250,evening,delayed
PO0617,2026-03-18,PROD001,MCH004,SUP018,181,137,evening,completed
PO0618,2026-01-19,PROD008,MCH006,SUP002,150,53,morning,completed
PO0619,2026-03-19,PROD039,MCH006,SUP003,783,736,morning,completed
PO0620,2026-01-21,PROD087,MCH005,SUP020,526,428,night,completed
PO0621,2026-03-16,PROD047,MCH001,SUP003,566,541,evening,completed
PO0622,2026-02-18,PROD009,MCH007,SUP018,477,471,morning,completed
PO0623,2026-01-16,PROD089,MCH005,SUP011,582,479,night,delayed
PO0624,2026-03-31,PROD027,MCH010,SUP002,637,543,morning,completed
PO0625,2026-03-30,PROD078,MCH005,SUP014,595,567,night,completed
PO0626,2026-03-15,PROD080,MCH006,SUP005,365,312,night,delayed
PO0627,2026-03-22,PROD064,MCH008,SUP006,632,605,night,completed
PO0628,2026-01-25,PROD001,MCH002,SUP001,825,742,evening,completed
PO0629,2026-01-27,PROD079,MCH007,SUP014,855,843,morning,completed
PO0630,2026-03-23,PROD028,MCH001,SUP007,458,409,night,completed
PO0631,2026-01-09,PROD040,MCH005,SUP017,360,341,night,completed
PO0632,2026-01-15,PROD088,MCH006,SUP011,885,765,evening,completed
PO0633,2026-01-25,PROD043,MCH006,SUP016,952,854,evening,completed
PO0634,2026-03-03,PROD020,MCH008,SUP018,761,658,evening,delayed
PO0635,2026-02-22,PROD096,MCH001,SUP017,902,886,evening,completed
PO0636,2026-01-03,PROD027,MCH010,SUP011,668,616,evening,completed
PO0637,2026-01-04,PROD044,MCH007,SUP018,252,167,morning,delayed
PO0638,2026-01-15,PROD097,MCH005,SUP011,291,247,night,completed
PO0639,2026-01-12,PROD064,MCH004,SUP012,378,310,evening,completed
PO0640,2026-02-08,PROD023,MCH002,SUP012,321,268,morning,completed
PO0641,2026-03-06,PROD004,MCH008,SUP017,194,130,morning,completed
PO0642,2026-03-03,PROD094,MCH009,SUP010,448,446,evening,completed
PO0643,2026-01-13,PROD067,MCH003,SUP007,887,878,night,completed
PO0644,2026-03-08,PROD015,MCH001,SUP010,570,499,morning,completed
PO0645,2026-01-06,PROD014,MCH009,SUP010,441,380,morning,completed
PO0646,2026-01-27,PROD042,MCH004,SUP007,754,748,evening,completed
PO0647,2026-02-26,PROD086,MCH002,SUP009,645,565,morning,completed
PO0648,2026-01-02,PROD080,MCH009,SUP017,380,274,morning,completed
PO0649,2026-03-12,PROD041,MCH005,SUP005,655,579,night,completed
PO0650,2026-01-22,PROD010,MCH005,SUP020,687,598,evening,delayed
PO0651,2026-01-04,PROD061,MCH001,SUP004,151,47,evening,completed
PO0652,2026-02-20,PROD023,MCH010,SUP019,188,122,night,delayed
PO0653,2026-02-09,PROD043,MCH004,SUP018,731,656,morning,delayed
PO0654,2026-01-12,PROD090,MCH008,SUP004,681,577,evening,completed
PO0655,2026-04-01,PROD099,MCH008,SUP016,800,762,morning,completed
PO0656,2026-03-20,PROD034,MCH006,SUP013,247,237,morning,completed
PO0657,2026-02-11,PROD059,MCH008,SUP001,907,897,morning,delayed
PO0658,2026-03-03,PROD060,MCH003,SUP010,215,139,evening,completed
PO0659,2026-02-21,PROD092,MCH002,SUP011,620,513,night,completed
PO0660,2026-03-10,PROD060,MCH007,SUP019,911,829,evening,completed
PO0661,2026-03-12,PROD021,MCH008,SUP013,735,646,morning,completed
PO0662,2026-03-30,PROD076,MCH007,SUP014,313,297,night,completed
PO0663,2026-01-31,PROD023,MCH002,SUP019,657,625,evening,completed
PO0664,2026-03-01,PROD042,MCH009,SUP004,706,662,evening,completed
PO0665,2026-01-09,PROD077,MCH002,SUP020,415,346,evening,completed
PO0666,2026-03-26,PROD008,MCH002,SUP007,606,568,morning,completed
PO0667,2026-03-26,PROD020,MCH008,SUP018,875,773,evening,delayed
PO0668,2026-02-27,PROD026,MCH004,SUP011,730,683,evening,completed
PO0669,2026-02-14,PROD012,MCH010,SUP001,545,516,night,delayed
PO0670,2026-02-07,PROD008,MCH006,SUP018,967,863,morning,completed
PO0671,2026-02-15,PROD015,MCH005,SUP001,820,771,morning,delayed
PO0672,2026-02-20,PROD081,MCH006,SUP013,819,774,evening,delayed
PO0673,2026-01-28,PROD085,MCH003,SUP016,545,494,morning,completed
PO0674,2026-02-16,PROD054,MCH003,SUP010,668,597,night,completed
PO0675,2026-01-10,PROD083,MCH001,SUP005,237,118,night,delayed
PO0676,2026-01-18,PROD011,MCH003,SUP014,773,708,evening,delayed
PO0677,2026-02-28,PROD066,MCH007,SUP018,738,641,evening,delayed
PO0678,2026-01-24,PROD055,MCH010,SUP001,463,371,night,delayed
PO0679,2026-01-31,PROD092,MCH009,SUP009,967,940,evening,completed
PO0680,2026-03-14,PROD062,MCH006,SUP004,134,18,night,delayed
PO0681,2026-01-19,PROD094,MCH009,SUP009,807,697,evening,completed
PO0682,2026-03-20,PROD012,MCH004,SUP016,635,628,night,completed
PO0683,2026-03-11,PROD075,MCH005,SUP020,800,761,morning,completed
PO0684,2026-01-02,PROD061,MCH008,SUP017,647,626,evening,completed
PO0685,2026-02-07,PROD038,MCH003,SUP002,531,456,night,completed
PO0686,2026-03-14,PROD034,MCH001,SUP016,844,824,night,completed
PO0687,2026-03-26,PROD038,MCH010,SUP001,686,572,evening,delayed
PO0688,2026-03-06,PROD010,MCH005,SUP009,184,80,morning,completed
PO0689,2026-02-02,PROD002,MCH002,SUP020,381,370,morning,completed
PO0690,2026-02-17,PROD023,MCH005,SUP008,774,711,evening,completed
PO0691,2026-01-05,PROD044,MCH002,SUP005,918,865,night,completed
PO0692,2026-02-22,PROD099,MCH007,SUP008,957,900,night,delayed
PO0693,2026-01-22,PROD027,MCH010,SUP012,843,804,morning,completed
PO0694,2026-01-15,PROD007,MCH003,SUP015,873,857,evening,delayed
PO0695,2026-03-10,PROD030,MCH007,SUP013,408,348,evening,completed
PO0696,2026-02-25,PROD002,MCH005,SUP015,248,195,evening,completed
PO0697,2026-01-06,PROD013,MCH009,SUP012,642,609,evening,completed
PO0698,2026-02-04,PROD013,MCH005,SUP019,443,357,evening,delayed
PO0699,2026-01-31,PROD094,MCH010,SUP007,891,857,night,completed
PO0700,2026-01-24,PROD041,MCH009,SUP001,793,761,night,completed
PO0701,2026-01-02,PROD053,MCH002,SUP017,951,839,morning,delayed
PO0702,2026-02-06,PROD033,MCH004,SUP002,459,367,morning,completed
PO0703,2026-03-18,PROD085,MCH004,SUP020,158,158,night,completed
PO0704,2026-01-12,PROD078,MCH003,SUP013,825,720,night,completed
PO0705,2026-01-24,PROD033,MCH005,SUP015,213,182,night,completed
PO0706,2026-02-05,PROD099,MCH007,SUP011,754,692,evening,completed
PO0707,2026-02-05,PROD100,MCH001,SUP013,899,788,evening,completed
PO0708,2026-02-03,PROD023,MCH008,SUP003,161,74,evening,completed
PO0709,2026-01-23,PROD083,MCH008,SUP004,724,654,morning,delayed
PO0710,2026-03-24,PROD014,MCH008,SUP009,323,281,morning,completed
PO0711,2026-03-15,PROD094,MCH005,SUP015,174,63,morning,delayed
PO0712,2026-03-23,PROD001,MCH001,SUP013,252,215,evening,completed
PO0713,2026-02-20,PROD074,MCH001,SUP017,816,738,night,delayed
PO0714,2026-02-21,PROD094,MCH002,SUP018,589,524,morning,completed
PO0715,2026-03-03,PROD016,MCH010,SUP018,493,461,evening,completed
PO0716,2026-02-21,PROD008,MCH002,SUP012,798,716,night,completed
PO0717,2026-02-28,PROD098,MCH005,SUP007,182,169,morning,completed
PO0718,2026-01-25,PROD039,MCH007,SUP004,493,457,night,completed
PO0719,2026-03-22,PROD057,MCH004,SUP005,598,488,morning,completed
PO0720,2026-03-17,PROD031,MCH008,SUP013,125,97,morning,completed
PO0721,2026-02-27,PROD003,MCH001,SUP011,611,559,morning,completed
PO0722,2026-01-06,PROD052,MCH002,SUP007,906,878,night,delayed
PO0723,2026-03-10,PROD020,MCH010,SUP008,794,785,morning,completed
PO0724,2026-03-04,PROD084,MCH001,SUP016,853,751,night,completed
PO0725,2026-03-25,PROD017,MCH001,SUP006,348,317,night,completed
PO0726,2026-01-13,PROD059,MCH010,SUP006,414,399,night,completed
PO0727,2026-01-14,PROD015,MCH008,SUP020,937,921,night,completed
PO0728,2026-01-26,PROD055,MCH006,SUP013,164,146,evening,completed
PO0729,2026-03-11,PROD018,MCH006,SUP007,800,753,morning,completed
PO0730,2026-01-16,PROD036,MCH003,SUP014,443,331,morning,completed
PO0731,2026-02-26,PROD032,MCH010,SUP002,666,567,morning,completed
PO0732,2026-03-22,PROD079,MCH007,SUP006,910,898,morning,delayed
PO0733,2026-01-01,PROD023,MCH002,SUP019,182,62,evening,delayed
PO0734,2026-03-02,PROD089,MCH003,SUP007,810,793,morning,completed
PO0735,2026-02-22,PROD031,MCH003,SUP020,635,572,night,completed
PO0736,2026-03-05,PROD079,MCH002,SUP010,710,613,evening,delayed
PO0737,2026-01-31,PROD025,MCH002,SUP017,104,71,morning,completed
PO0738,2026-03-11,PROD065,MCH004,SUP015,983,960,night,completed
PO0739,2026-01-25,PROD015,MCH003,SUP016,383,269,evening,completed
PO0740,2026-01-06,PROD007,MCH006,SUP010,263,228,morning,delayed
PO0741,2026-03-20,PROD098,MCH008,SUP002,357,279,morning,completed
PO0742,2026-01-21,PROD004,MCH008,SUP017,650,552,morning,completed
PO0743,2026-02-26,PROD076,MCH010,SUP011,340,312,evening,completed
PO0744,2026-02-11,PROD030,MCH002,SUP011,865,831,morning,completed
PO0745,2026-02-22,PROD026,MCH007,SUP008,342,316,morning,delayed
PO0746,2026-01-07,PROD056,MCH003,SUP007,699,641,night,delayed
PO0747,2026-02-17,PROD018,MCH008,SUP007,282,211,night,completed
PO0748,2026-02-12,PROD017,MCH001,SUP019,376,281,morning,completed
PO0749,2026-03-01,PROD059,MCH007,SUP006,239,133,evening,completed
PO0750,2026-01-21,PROD082,MCH010,SUP006,402,359,night,completed
PO0751,2026-03-08,PROD063,MCH004,SUP019,188,120,evening,delayed
PO0752,2026-02-24,PROD095,MCH004,SUP008,385,266,evening,delayed
PO0753,2026-03-17,PROD020,MCH010,SUP001,693,601,evening,completed
PO0754,2026-03-06,PROD005,MCH007,SUP017,141,81,evening,delayed
PO0755,2026-03-31,PROD013,MCH008,SUP016,929,911,morning,completed
PO0756,2026-01-02,PROD089,MCH007,SUP007,671,647,morning,completed
PO0757,2026-03-24,PROD012,MCH001,SUP016,402,312,night,completed
PO0758,2026-02-28,PROD074,MCH010,SUP001,265,235,evening,delayed
PO0759,2026-04-01,PROD052,MCH003,SUP012,890,787,night,delayed
PO0760,2026-01-01,PROD081,MCH002,SUP013,820,781,night,completed
PO0761,2026-02-07,PROD055,MCH005,SUP020,643,527,night,completed
PO0762,2026-01-11,PROD080,MCH006,SUP002,906,873,night,completed
PO0763,2026-02-19,PROD047,MCH008,SUP020,152,46,morning,completed
PO0764,2026-03-24,PROD072,MCH002,SUP018,475,377,night,completed
PO0765,2026-01-31,PROD070,MCH002,SUP016,241,163,night,completed
PO0766,2026-01-29,PROD042,MCH006,SUP009,871,846,night,delayed
PO0767,2026-01-09,PROD048,MCH006,SUP015,383,269,evening,completed
PO0768,2026-03-10,PROD087,MCH009,SUP010,581,551,evening,completed
PO0769,2026-03-30,PROD009,MCH004,SUP015,919,885,morning,completed
PO0770,2026-01-23,PROD037,MCH002,SUP004,500,494,morning,completed
PO0771,2026-01-19,PROD064,MCH003,SUP007,214,183,night,completed
PO0772,2026-03-29,PROD070,MCH003,SUP016,400,333,evening,delayed
PO0773,2026-03-24,PROD003,MCH005,SUP007,554,528,morning,completed
PO0774,2026-01-30,PROD067,MCH006,SUP014,992,974,night,completed
PO0775,2026-02-11,PROD063,MCH010,SUP017,771,733,night,delayed
PO0776,2026-03-14,PROD017,MCH005,SUP006,568,486,evening,completed
PO0777,2026-02-06,PROD099,MCH001,SUP005,595,522,evening,completed
PO0778,2026-03-21,PROD021,MCH009,SUP010,566,467,morning,completed
PO0779,2026-03-30,PROD086,MCH003,SUP006,959,929,morning,completed
PO0780,2026-03-15,PROD017,MCH008,SUP009,142,62,evening,completed
PO0781,2026-04-01,PROD005,MCH006,SUP012,310,261,morning,completed
PO0782,2026-01-21,PROD069,MCH005,SUP004,559,508,morning,delayed
PO0783,2026-01-19,PROD059,MCH006,SUP005,611,589,morning,completed
PO0784,2026-02-07,PROD061,MCH005,SUP019,762,732,night,completed
PO0785,2026-02-26,PROD044,MCH002,SUP016,918,870,morning,completed
PO0786,2026-01-15,PROD040,MCH001,SUP013,794,744,night,completed
PO0787,2026-01-12,PROD042,MCH001,SUP020,556,481,night,completed
PO0788,2026-01-29,PROD099,MCH005,SUP007,697,644,morning,completed
PO0789,2026-02-27,PROD087,MCH002,SUP017,651,639,evening,completed
PO0790,2026-03-19,PROD078,MCH009,SUP002,602,522,night,completed
PO0791,2026-02-24,PROD048,MCH007,SUP012,507,405,morning,completed
PO0792,2026-02-09,PROD058,MCH009,SUP003,453,377,morning,delayed
PO0793,2026-02-26,PROD037,MCH003,SUP014,859,792,night,delayed
PO0794,2026-03-17,PROD077,MCH002,SUP005,242,228,morning,completed
PO0795,2026-03-09,PROD043,MCH002,SUP019,586,577,evening,completed
PO0796,2026-03-23,PROD035,MCH007,SUP006,106,52,night,delayed
PO0797,2026-01-18,PROD026,MCH003,SUP013,827,779,evening,delayed
PO0798,2026-02-08,PROD075,MCH005,SUP016,143,128,night,delayed
PO0799,2026-01-01,PROD020,MCH005,SUP010,329,212,night,delayed
PO0800,2026-03-27,PROD037,MCH007,SUP006,227,190,evening,completed
PO0801,2026-02-05,PROD064,MCH002,SUP020,129,24,night,completed
PO0802,2026-03-14,PROD056,MCH005,SUP016,695,636,night,completed
PO0803,2026-03-15,PROD003,MCH005,SUP006,482,427,night,completed
PO0804,2026-03-01,PROD089,MCH003,SUP012,249,169,morning,completed
PO0805,2026-02-23,PROD082,MCH006,SUP002,379,305,evening,completed
PO0806,2026-01-10,PROD066,MCH004,SUP006,642,603,morning,completed
PO0807,2026-02-10,PROD088,MCH005,SUP009,656,577,night,completed
PO0808,2026-03-16,PROD046,MCH003,SUP001,198,146,morning,completed
PO0809,2026-03-04,PROD053,MCH006,SUP006,481,460,morning,completed
PO0810,2026-01-29,PROD025,MCH009,SUP020,258,202,night,completed
PO0811,2026-01-10,PROD015,MCH003,SUP001,527,465,evening,completed
PO0812,2026-02-16,PROD018,MCH008,SUP020,419,387,night,completed
PO0813,2026-02-08,PROD004,MCH002,SUP008,276,246,morning,completed
PO0814,2026-02-09,PROD017,MCH004,SUP005,804,713,morning,delayed
PO0815,2026-01-15,PROD010,MCH001,SUP016,807,784,evening,completed
PO0816,2026-01-05,PROD085,MCH009,SUP019,301,194,morning,delayed
PO0817,2026-02-02,PROD006,MCH002,SUP010,221,217,night,completed
PO0818,2026-01-16,PROD078,MCH004,SUP019,872,764,morning,completed
PO0819,2026-01-04,PROD012,MCH003,SUP009,786,710,night,completed
PO0820,2026-03-06,PROD100,MCH010,SUP008,460,360,night,completed
PO0821,2026-03-16,PROD098,MCH001,SUP017,201,185,morning,completed
PO0822,2026-03-10,PROD001,MCH002,SUP007,388,289,night,delayed
PO0823,2026-03-17,PROD024,MCH008,SUP004,475,444,morning,completed
PO0824,2026-01-28,PROD066,MCH004,SUP014,488,422,morning,completed
PO0825,2026-01-15,PROD067,MCH003,SUP016,226,165,evening,completed
PO0826,2026-01-06,PROD011,MCH006,SUP016,670,642,morning,delayed
PO0827,2026-03-18,PROD095,MCH005,SUP015,390,328,morning,delayed
PO0828,2026-02-24,PROD025,MCH002,SUP016,397,386,night,completed
PO0829,2026-03-28,PROD063,MCH002,SUP013,283,164,evening,completed
PO0830,2026-02-20,PROD052,MCH010,SUP004,222,120,night,completed
PO0831,2026-01-26,PROD044,MCH004,SUP020,166,92,evening,completed
PO0832,2026-02-24,PROD093,MCH008,SUP009,338,325,night,completed
PO0833,2026-03-24,PROD052,MCH006,SUP016,874,855,night,delayed
PO0834,2026-02-05,PROD019,MCH008,SUP004,596,541,morning,completed
PO0835,2026-01-30,PROD081,MCH003,SUP001,601,544,morning,completed
PO0836,2026-03-05,PROD087,MCH001,SUP006,950,838,evening,completed
PO0837,2026-03-21,PROD080,MCH002,SUP003,256,174,night,delayed
PO0838,2026-01-26,PROD038,MCH008,SUP016,911,850,night,completed
PO0839,2026-03-11,PROD070,MCH001,SUP002,655,578,evening,completed
PO0840,2026-02-10,PROD049,MCH008,SUP015,492,429,morning,completed
PO0841,2026-03-26,PROD100,MCH005,SUP006,281,232,evening,delayed
PO0842,2026-02-19,PROD063,MCH002,SUP019,237,156,night,delayed
PO0843,2026-03-29,PROD070,MCH010,SUP016,775,725,evening,completed
PO0844,2026-02-20,PROD034,MCH008,SUP019,618,505,evening,completed
PO0845,2026-02-11,PROD008,MCH001,SUP019,884,800,morning,completed
PO0846,2026-02-14,PROD095,MCH010,SUP001,957,883,night,completed
PO0847,2026-02-24,PROD045,MCH006,SUP014,489,381,evening,completed
PO0848,2026-02-01,PROD031,MCH005,SUP019,777,688,morning,completed
PO0849,2026-01-15,PROD044,MCH003,SUP001,989,908,night,completed
PO0850,2026-03-26,PROD055,MCH010,SUP017,138,76,evening,completed
PO0851,2026-03-02,PROD076,MCH001,SUP011,120,89,evening,delayed
PO0852,2026-01-13,PROD063,MCH002,SUP007,430,383,evening,delayed
PO0853,2026-03-27,PROD044,MCH003,SUP020,614,597,evening,completed
PO0854,2026-03-05,PROD082,MCH002,SUP018,546,451,morning,completed
PO0855,2026-02-08,PROD074,MCH007,SUP008,371,257,night,completed
PO0856,2026-03-16,PROD013,MCH010,SUP011,834,822,evening,completed
PO0857,2026-03-09,PROD061,MCH007,SUP007,680,662,evening,completed
PO0858,2026-02-08,PROD065,MCH005,SUP014,767,752,night,completed
PO0859,2026-02-21,PROD033,MCH010,SUP017,304,237,evening,completed
PO0860,2026-04-01,PROD067,MCH003,SUP019,119,80,evening,completed
PO0861,2026-03-01,PROD035,MCH009,SUP020,776,761,evening,completed
PO0862,2026-02-16,PROD060,MCH003,SUP008,634,539,morning,completed
PO0863,2026-02-22,PROD041,MCH002,SUP007,964,899,evening,completed
PO0864,2026-03-24,PROD021,MCH005,SUP020,943,859,morning,delayed
PO0865,2026-01-20,PROD025,MCH001,SUP008,344,238,evening,delayed
PO0866,2026-02-25,PROD055,MCH001,SUP007,597,548,morning,completed
PO0867,2026-02-03,PROD036,MCH009,SUP006,239,122,night,completed
PO0868,2026-01-03,PROD008,MCH002,SUP011,839,781,night,completed
PO0869,2026-02-22,PROD047,MCH002,SUP013,987,875,night,completed
PO0870,2026-03-15,PROD095,MCH009,SUP004,341,235,night,completed
PO0871,2026-01-12,PROD031,MCH010,SUP004,608,601,evening,completed
PO0872,2026-02-19,PROD096,MCH004,SUP014,952,906,morning,completed
PO0873,2026-01-28,PROD036,MCH008,SUP014,209,111,evening,completed
PO0874,2026-02-17,PROD090,MCH002,SUP011,602,550,night,delayed
PO0875,2026-02-01,PROD036,MCH003,SUP012,586,553,evening,completed
PO0876,2026-01-03,PROD083,MCH010,SUP002,941,860,night,completed
PO0877,2026-03-27,PROD031,MCH005,SUP018,807,804,evening,completed
PO0878,2026-02-16,PROD088,MCH002,SUP018,754,723,morning,delayed
PO0879,2026-02-20,PROD033,MCH005,SUP003,497,378,morning,completed
PO0880,2026-01-21,PROD057,MCH006,SUP014,315,305,morning,completed
PO0881,2026-03-04,PROD061,MCH007,SUP011,987,877,night,delayed
PO0882,2026-01-13,PROD021,MCH005,SUP017,997,994,morning,completed
PO0883,2026-03-12,PROD095,MCH006,SUP015,530,487,night,completed
PO0884,2026-03-24,PROD083,MCH003,SUP015,880,766,night,completed
PO0885,2026-01-26,PROD081,MCH005,SUP011,103,51,night,completed
PO0886,2026-02-01,PROD067,MCH003,SUP020,213,113,night,delayed
PO0887,2026-02-10,PROD058,MCH008,SUP005,911,911,evening,completed
PO0888,2026-02-11,PROD037,MCH004,SUP003,803,758,evening,completed
PO0889,2026-02-18,PROD074,MCH004,SUP001,286,216,morning,completed
PO0890,2026-01-26,PROD034,MCH003,SUP002,191,130,evening,delayed
PO0891,2026-01-20,PROD012,MCH006,SUP006,714,627,night,completed
PO0892,2026-03-09,PROD056,MCH008,SUP016,114,91,morning,completed
PO0893,2026-01-25,PROD035,MCH005,SUP016,830,736,evening,completed
PO0894,2026-01-27,PROD077,MCH004,SUP010,541,530,night,completed
PO0895,2026-02-22,PROD019,MCH001,SUP010,528,431,evening,completed
PO0896,2026-02-01,PROD048,MCH010,SUP015,732,669,morning,completed
PO0897,2026-02-11,PROD089,MCH007,SUP007,580,477,night,delayed
PO0898,2026-03-18,PROD033,MCH002,SUP004,825,759,night,completed
PO0899,2026-01-31,PROD061,MCH006,SUP020,153,75,night,completed
PO0900,2026-03-06,PROD080,MCH007,SUP010,105,32,evening,completed
PO0901,2026-03-13,PROD006,MCH010,SUP006,235,229,evening,completed
PO0902,2026-02-13,PROD060,MCH003,SUP003,615,558,evening,delayed
PO0903,2026-01-15,PROD041,MCH001,SUP005,245,158,evening,completed
PO0904,2026-02-25,PROD037,MCH005,SUP020,865,791,evening,completed
PO0905,2026-01-22,PROD041,MCH008,SUP005,546,540,night,delayed
PO0906,2026-01-20,PROD007,MCH004,SUP006,154,58,morning,delayed
PO0907,2026-04-01,PROD060,MCH007,SUP004,366,266,evening,completed
PO0908,2026-04-01,PROD072,MCH008,SUP015,552,477,evening,completed
PO0909,2026-01-19,PROD016,MCH006,SUP003,966,938,morning,completed
PO0910,2026-01-22,PROD096,MCH009,SUP009,284,270,night,completed
PO0911,2026-03-09,PROD099,MCH010,SUP006,697,577,evening,completed
PO0912,2026-03-05,PROD087,MCH002,SUP011,352,330,morning,completed
PO0913,2026-01-16,PROD051,MCH006,SUP019,797,764,morning,completed
PO0914,2026-01-11,PROD059,MCH008,SUP015,257,140,night,completed
PO0915,2026-01-01,PROD043,MCH001,SUP020,708,672,evening,completed
PO0916,2026-03-14,PROD017,MCH004,SUP002,849,822,night,completed
PO0917,2026-01-08,PROD096,MCH002,SUP018,430,412,night,delayed
PO0918,2026-02-02,PROD023,MCH004,SUP013,194,125,morning,completed
PO0919,2026-01-21,PROD050,MCH007,SUP010,972,878,night,completed
PO0920,2026-03-04,PROD056,MCH005,SUP020,223,141,morning,completed
PO0921,2026-02-17,PROD066,MCH004,SUP016,781,673,evening,delayed
PO0922,2026-03-14,PROD077,MCH007,SUP003,587,501,evening,completed
PO0923,2026-02-25,PROD081,MCH007,SUP003,728,631,morning,completed
PO0924,2026-01-29,PROD083,MCH003,SUP016,574,540,night,completed
PO0925,2026-02-25,PROD011,MCH008,SUP010,397,336,morning,completed
PO0926,2026-02-08,PROD032,MCH009,SUP014,800,795,evening,completed
PO0927,2026-01-06,PROD066,MCH002,SUP017,664,553,evening,delayed
PO0928,2026-03-26,PROD093,MCH010,SUP009,196,135,evening,completed
PO0929,2026-03-06,PROD003,MCH002,SUP015,699,589,morning,completed
PO0930,2026-01-06,PROD011,MCH007,SUP010,963,893,evening,delayed
PO0931,2026-02-27,PROD080,MCH005,SUP011,875,840,morning,completed
PO0932,2026-03-19,PROD034,MCH002,SUP014,289,179,night,completed
PO0933,2026-01-15,PROD002,MCH003,SUP016,105,50,evening,delayed
PO0934,2026-03-19,PROD093,MCH008,SUP010,989,953,night,completed
PO0935,2026-03-30,PROD087,MCH007,SUP010,807,773,morning,completed
PO0936,2026-01-25,PROD015,MCH001,SUP007,238,119,morning,completed
PO0937,2026-01-19,PROD084,MCH004,SUP014,592,555,night,completed
PO0938,2026-03-01,PROD019,MCH008,SUP014,188,106,morning,completed
PO0939,2026-01-20,PROD095,MCH008,SUP016,270,265,evening,completed
PO0940,2026-03-16,PROD032,MCH004,SUP010,980,917,night,delayed
PO0941,2026-01-02,PROD014,MCH007,SUP014,152,74,evening,completed
PO0942,2026-02-21,PROD063,MCH009,SUP019,137,79,night,delayed
PO0943,2026-01-08,PROD068,MCH001,SUP014,337,308,night,completed
PO0944,2026-02-04,PROD083,MCH007,SUP016,666,554,morning,delayed
PO0945,2026-03-24,PROD045,MCH008,SUP014,737,737,morning,completed
PO0946,2026-01-25,PROD061,MCH006,SUP015,394,366,morning,completed
PO0947,2026-03-29,PROD044,MCH010,SUP015,701,697,morning,completed
PO0948,2026-02-19,PROD054,MCH006,SUP016,840,811,morning,completed
PO0949,2026-01-12,PROD086,MCH008,SUP005,389,357,morning,completed
PO0950,2026-03-04,PROD013,MCH007,SUP016,260,217,evening,completed
PO0951,2026-01-07,PROD003,MCH006,SUP009,314,265,evening,completed
PO0952,2026-03-06,PROD005,MCH002,SUP011,278,263,evening,completed
PO0953,2026-01-16,PROD072,MCH004,SUP016,732,641,evening,completed
PO0954,2026-01-06,PROD099,MCH009,SUP009,903,828,morning,completed
PO0955,2026-02-26,PROD059,MCH002,SUP004,823,709,night,completed
PO0956,2026-01-06,PROD065,MCH002,SUP006,943,894,night,completed
PO0957,2026-02-16,PROD021,MCH005,SUP015,991,897,night,delayed
PO0958,2026-01-13,PROD020,MCH006,SUP011,850,841,morning,completed
PO0959,2026-02-26,PROD054,MCH001,SUP008,968,873,evening,completed
PO0960,2026-01-22,PROD011,MCH005,SUP012,393,337,night,delayed
PO0961,2026-03-27,PROD032,MCH003,SUP017,469,429,evening,completed
PO0962,2026-02-24,PROD053,MCH007,SUP015,241,223,night,completed
PO0963,2026-01-19,PROD099,MCH001,SUP017,130,66,morning,completed
PO0964,2026-02-21,PROD099,MCH003,SUP014,446,366,morning,delayed
PO0965,2026-03-26,PROD083,MCH003,SUP019,877,761,morning,completed
PO0966,2026-03-29,PROD090,MCH009,SUP010,529,460,night,completed
PO0967,2026-02-05,PROD068,MCH010,SUP005,452,333,night,delayed
PO0968,2026-01-27,PROD070,MCH010,SUP020,556,518,night,delayed
PO0969,2026-03-25,PROD052,MCH004,SUP010,814,738,morning,completed
PO0970,2026-02-19,PROD093,MCH003,SUP017,650,572,night,completed
PO0971,2026-03-07,PROD071,MCH005,SUP017,318,209,evening,completed
PO0972,2026-03-11,PROD076,MCH005,SUP008,123,6,evening,delayed
PO0973,2026-01-08,PROD048,MCH005,SUP017,617,511,evening,completed
PO0974,2026-03-25,PROD016,MCH008,SUP010,148,124,night,completed
PO0975,2026-01-31,PROD096,MCH010,SUP019,564,487,night,completed
PO0976,2026-02-06,PROD086,MCH010,SUP005,458,376,night,delayed
PO0977,2026-02-01,PROD014,MCH006,SUP017,632,606,night,completed
PO0978,2026-02-16,PROD059,MCH002,SUP005,942,921,night,delayed
PO0979,2026-01-11,PROD012,MCH001,SUP014,948,880,morning,delayed
PO0980,2026-01-10,PROD048,MCH009,SUP013,319,256,night,delayed
PO0981,2026-03-16,PROD064,MCH007,SUP015,992,905,night,delayed
PO0982,2026-01-21,PROD019,MCH009,SUP005,849,782,evening,delayed
PO0983,2026-03-07,PROD068,MCH002,SUP007,232,202,evening,delayed
PO0984,2026-01-21,PROD072,MCH006,SUP004,133,108,night,delayed
PO0985,2026-02-17,PROD074,MCH005,SUP002,212,107,night,completed
PO0986,2026-02-09,PROD048,MCH005,SUP010,220,147,evening,completed
PO0987,2026-01-19,PROD076,MCH007,SUP002,910,808,evening,completed
PO0988,2026-03-04,PROD001,MCH002,SUP018,320,223,evening,completed
PO0989,2026-02-23,PROD062,MCH010,SUP010,991,876,night,delayed
PO0990,2026-02-18,PROD061,MCH010,SUP005,445,425,morning,delayed
PO0991,2026-03-27,PROD058,MCH003,SUP011,879,816,morning,delayed
PO0992,2026-02-20,PROD044,MCH009,SUP002,496,405,night,delayed
PO0993,2026-03-24,PROD012,MCH003,SUP001,853,768,night,completed
PO0994,2026-01-16,PROD083,MCH009,SUP003,674,636,morning,completed
PO0995,2026-01-25,PROD097,MCH008,SUP017,683,629,morning,completed
PO0996,2026-03-10,PROD024,MCH001,SUP009,774,773,morning,completed
PO0997,2026-03-16,PROD057,MCH002,SUP018,949,919,night,completed
PO0998,2026-01-06,PROD063,MCH001,SUP011,511,466,evening,completed
PO0999,2026-03-09,PROD041,MCH007,SUP009,524,407,morning,completed
PO1000,2026-01-22,PROD037,MCH003,SUP006,201,150,evening,completed
